index,ellipse_angle_deg,ellipse_angle_derivative
306,38.62,-1.8500000000000014
315,35.6,-3.019999999999996
549,41.96,-1.509999999999998
567,39.08,-3.0799999999999983
578,33.03,-6.049999999999997
587,29.9,-3.1300000000000026
597,28.72,-1.1799999999999997
870,39.81,-1.8999999999999986
879,34.86,-4.950000000000003
890,30.4,-4.460000000000001
909,27.29,-2.84
1113,36.73,-1.3300000000000054
1122,33.98,-2.75
1152,31.16,-1.0800000000000018
1332,39.14,-1.6799999999999997
1341,36.6,-2.539999999999999
1551,44.53,-1.1700000000000017
1590,37.53,-6.699999999999996
1599,35.13,-2.3999999999999986
1609,33.78,-1.3500000000000014
1799,40.56,-1.5499999999999972
1809,39.28,-1.2800000000000011
1818,36.26,-3.020000000000003
1827,33.84,-2.4199999999999946
1847,31.3,-1.639999999999997
2037,39.79,-1.9100000000000037
2046,35.73,-4.060000000000002
2055,31.22,-4.509999999999998
2064,28.62,-2.599999999999998
2327,83.95,-3.8599999999999994
2346,80.33,-3.6599999999999966
2366,75.82,-3.8800000000000097
2385,73.35,-3.3300000000000125
2414,44.8,-31.0
2423,39.92,-4.8799999999999955
2432,35.89,-4.030000000000001
2441,31.01,-4.879999999999999
2718,38.01,-6.330000000000005
2727,35.69,-2.3200000000000003
2736,31.79,-3.8999999999999986
2745,30.76,-1.0299999999999976
2922,38.56,-1.5
2931,37.18,-1.3800000000000026
2940,31.03,-6.149999999999999
2952,28.17,-2.8599999999999994
3165,36.06,-3.6400000000000006
3174,32.24,-3.8200000000000003
3325,39.6,-1.0599999999999952
3362,39.6,-1.1299999999999955
3389,36.99,-2.1400000000000006
3409,30.55,-5.489999999999998
3718,40.89,-3.710000000000001
3727,30.38,-10.510000000000002
3737,24.68,-5.699999999999999
4070,39.4,-4.020000000000003
4079,35.07,-4.329999999999998
4088,30.45,-4.620000000000001
4097,28.86,-1.5899999999999999
4301,37.74,-1.7299999999999969
4312,33.06,-4.68
4321,30.82,-2.240000000000002
4514,36.36,-1.730000000000004
4523,30.1,-6.259999999999998
4541,26.47,-2.650000000000002
4762,33.88,-4.529999999999994
4772,29.12,-4.760000000000002
4988,39.02,-1.8599999999999994
4997,33.01,-6.010000000000005
5008,27.4,-5.609999999999999
5225,35.86,-2.0900000000000034
5236,28.78,-7.079999999999998
5245,26.57,-2.210000000000001
5519,38.74,-2.4199999999999946
5528,35.64,-3.1000000000000014
5537,28.31,-7.330000000000002
5546,26.86,-1.4499999999999993
5555,25.49,-1.370000000000001
5818,37.35,-1.509999999999998
5828,31.65,-5.700000000000003
5837,29.12,-2.5299999999999976
5846,27.29,-1.8300000000000018
6059,31.59,-6.59
6068,28.91,-2.6799999999999997
6086,24.9,-3.91
6143,31.19,-1.7399999999999984
6197,34.48,-1.9299999999999997
6218,30.69,-3.349999999999998
6293,32.13,-4.089999999999996
6303,30.41,-1.7200000000000024
6386,34.7,-1.5799999999999983
6404,34.13,-1.029999999999994
6433,31.78,-3.6599999999999966
6442,30.51,-1.2699999999999996
6497,34.49,-3.1699999999999946
6524,34.39,-42.989999999999995
6533,30.11,-4.280000000000001
6629,31.22,-1.7899999999999991
6638,29.8,-1.4199999999999982
6667,31.94,-1.0699999999999967
6676,29.3,-2.6400000000000006
6749,30.07,-4.299999999999997
6836,33.32,-2.8699999999999974
6845,31.22,-2.1000000000000014
6856,29.53,-1.6899999999999977
6875,28.33,-1.610000000000003
6884,26.12,-2.2099999999999973
6949,31.09,-2.349999999999998
6959,28.83,-2.2600000000000016
6968,27.03,-1.7999999999999972
7009,28.63,-1.740000000000002
7055,27.36,-1.990000000000002
7114,31.32,-2.539999999999999
7123,28.28,-3.039999999999999
7141,26.84,-1.6600000000000001
7180,27.59,-1.0500000000000007
7245,31.38,-2.140000000000004
7294,29.14,-5.75
7395,32.85,-1.2100000000000009
7414,32.9,-1.6700000000000017
7423,31.58,-1.3200000000000003
7461,33.29,-2.1000000000000014
7536,38.14,-1.490000000000002
7545,33.57,-4.57
7610,32.87,-2.220000000000006
7638,32.61,-2.3100000000000023
7647,30.18,-2.4299999999999997
7722,31.77,-46.8
7788,32.11,-1.509999999999998
7809,32.55,-1.5700000000000003
7828,32.15,-1.6200000000000045
7839,27.84,-4.309999999999999
7923,30.01,-1.509999999999998
7973,31.05,-1.9499999999999993
8002,30.13,-1.879999999999999
8059,29.83,-1.870000000000001
8068,28.82,-1.009999999999998
8095,27.08,-1.9700000000000024
8152,25.91,-2.9299999999999997
8241,32.69,-2.039999999999999
8251,29.29,-3.3999999999999986
8271,29.43,-1.0899999999999999
8320,27.94,-2.1199999999999974
8395,30.59,-1.9700000000000024
8406,27.87,-2.719999999999999
8425,26.14,-1.120000000000001
8490,31.46,-1.3800000000000026
8536,31.15,-3.1000000000000014
8662,28.51,-5.649999999999995
8719,32.33,-1.3100000000000023
8776,32.95,-1.5499999999999972
8794,29.35,-3.4200000000000017
8917,30.18,-1.7899999999999991
8938,29.68,-1.3200000000000003
8956,26.78,-3.34
9004,29.46,-1.1199999999999974
9013,28.33,-1.1300000000000026
9031,27.47,-2.370000000000001
9097,28.11,-2.1700000000000017
9187,31.74,-2.850000000000005
9196,28.83,-2.91
9301,27.73,-3.9499999999999993
9313,25.74,-1.990000000000002
9322,24.51,-1.2299999999999969
9388,25.05,-2.5500000000000007
9492,28.27,-1.5599999999999987
9550,28.21,-2.509999999999998
9580,27.81,-1.0800000000000018
9589,26.61,-1.1999999999999993
9661,29.86,-1.620000000000001
9681,30.93,-1.2199999999999989
9720,28.68,-2.719999999999999
9757,28.5,-1.8900000000000006
9784,28.56,-1.490000000000002
9859,34.4,-1.4100000000000037
9886,33.82,-1.3599999999999994
9942,32.41,-1.0900000000000034
9970,32.68,-2.8800000000000026
9979,30.93,-1.75
9988,29.45,-1.4800000000000004
10024,33.07,-1.6300000000000026
10060,33.42,-2.269999999999996
10117,32.14,-1.1700000000000017
10135,31.18,-1.1099999999999994
10144,28.77,-2.41
10180,29.33,-1.3900000000000006
10219,29.15,-2.5700000000000003
10248,29.35,-1.9599999999999973
10257,27.05,-2.3000000000000007
10330,29.45,-2.150000000000002
10339,26.31,-3.1400000000000006
10387,28.36,-1.1099999999999994
10426,28.14,-1.5399999999999991
10435,26.76,-1.379999999999999
10491,29.62,-2.8000000000000007
10500,27.19,-2.4299999999999997
10557,29.54,-3.6099999999999994
10594,27.76,-1.629999999999999
10605,26.19,-1.5700000000000003
10669,29.78,-1.25
10678,28.67,-1.1099999999999994
10687,27.47,-1.2000000000000028
10755,26.65,-1.7100000000000009
10785,27.13,-1.5600000000000023
10906,27.63,-3.4400000000000013
10935,29.46,-1.8900000000000006
10963,28.39,-1.7100000000000009
11010,32.29,-1.8000000000000043
11056,32.34,-1.9099999999999966
11094,32.42,-2.559999999999995
11104,30.83,-1.5900000000000034
11115,29.26,-1.5699999999999967
11124,27.49,-1.7700000000000031
11199,31.99,-1.2100000000000044
11226,32.2,-1.3599999999999994
11237,28.26,-3.9400000000000013
11382,31.19,-1.7899999999999956
11409,30.78,-1.6099999999999994
11418,29.65,-1.1300000000000026
11457,29.47,-1.7200000000000024
11486,28.64,-1.8200000000000003
11505,25.86,-3.629999999999999
11582,29.12,-1.0299999999999976
11676,31.03,-2.240000000000002
11685,27.05,-3.9800000000000004
11705,25.24,-1.0100000000000016
11798,30.78,-1.1600000000000001
11826,26.42,-3.599999999999998
11952,29.52,-4.139999999999997
11961,26.64,-2.879999999999999
12045,28.97,-3.8599999999999994
12102,31.99,-4.860000000000003
12120,29.85,-1.5899999999999999
12195,31.61,-3.6700000000000017
12243,36.54,-5.079999999999998
12263,36.65,-1.0500000000000043
12281,36.96,-1.0499999999999972
12300,36.04,-2.0
12320,34.69,-3.9200000000000017
12329,32.3,-2.3900000000000006
12368,31.25,-1.8999999999999986
12425,33.02,-1.2199999999999989
12471,33.66,-2.0500000000000043
12491,31.54,-1.1799999999999997
12500,28.15,-3.3900000000000006
12528,31.49,-1.0199999999999996
12546,30.85,-1.1899999999999977
12603,33.66,-1.4300000000000068
12621,30.68,-2.289999999999999
12641,30.86,-1.1600000000000037
12687,30.12,-2.7899999999999956
12705,29.72,-1.7300000000000004
12771,33.69,-2.770000000000003
12861,33.12,-1.9200000000000017
12897,32.92,-4.299999999999997
12906,31.45,-1.4700000000000024
12953,32.44,-1.1600000000000037
12972,31.23,-3.4899999999999984
13008,32.12,-2.240000000000002
13074,33.14,-1.5
13092,32.13,-1.2399999999999949
13103,30.92,-1.2100000000000009
13131,33.26,-1.480000000000004
13140,30.03,-3.229999999999997
13196,30.37,-1.9800000000000004
13233,31.65,-1.7000000000000028
13242,30.12,-1.5299999999999976
13401,32.1,-2.789999999999999
13439,34.4,-2.740000000000002
13448,33.36,-1.0399999999999991
13514,33.77,-5.089999999999996
13523,31.43,-2.3400000000000034
13532,29.22,-2.210000000000001
13560,32.37,-1.8500000000000014
13596,34.36,-2.9299999999999997
13605,31.33,-3.030000000000001
13614,29.81,-1.5199999999999996
13632,28.3,-3.289999999999999
13698,30.58,-3.3200000000000003
13755,28.13,-5.349999999999998
13821,30.39,-3.3999999999999986
13857,29.54,-2.6700000000000017
13877,29.15,-2.490000000000002
13950,31.8,-1.4400000000000013
13979,34.09,-1.3599999999999994
13997,31.19,-2.370000000000001
14070,41.44,-3.1099999999999994
14079,37.86,-3.5799999999999983
14109,35.59,-3.789999999999999
14129,34.47,-1.8299999999999983
14166,39.21,-1.2100000000000009
14177,34.88,-4.329999999999998
14204,34.27,-2.3799999999999955
14213,33.12,-1.1500000000000057
14268,36.25,-2.6899999999999977
14298,33.83,-1.3400000000000034
14334,35.72,-1.509999999999998
14354,32.82,-3.3999999999999986
14363,31.38,-1.4400000000000013
14399,36.04,-1.2700000000000031
14409,33.22,-2.8200000000000003
14436,33.74,-1.3500000000000014
14466,31.53,-4.189999999999998
14559,32.96,-4.100000000000001
14613,38.93,-1.6499999999999986
14651,36.08,-4.149999999999999
14688,37.99,-1.4499999999999957
14726,37.6,-2.019999999999996
14744,34.87,-1.980000000000004
14798,33.28,-4.949999999999996
14835,36.72,-2.950000000000003
14844,32.59,-4.1299999999999955
14901,35.8,-3.460000000000001
14910,34.37,-1.4299999999999997
14928,32.67,-1.8299999999999983
14986,37.35,-1.1000000000000014
14998,33.12,-4.230000000000004
15026,32.49,-2.1000000000000014
15062,31.7,-3.2699999999999996
15080,30.21,-1.6099999999999994
15127,36.54,-1.6600000000000037
15146,33.69,-2.6799999999999997
15202,37.39,-2.200000000000003
15211,35.01,-2.3800000000000026
15296,35.47,-3.450000000000003
15344,38.45,-1.5399999999999991
15353,32.19,-6.260000000000005
15401,33.62,-4.470000000000006
15482,37.57,-2.960000000000001
15493,35.77,-1.7999999999999972
15502,34.43,-1.3400000000000034
15512,31.56,-2.870000000000001
15587,36.99,-1.6099999999999994
15596,35.96,-1.0300000000000011
15632,34.84,-2.509999999999998
15661,32.41,-2.1400000000000006
15716,34.06,-3.3599999999999994
15743,32.71,-3.049999999999997
15800,41.48,-1.8800000000000026
15809,39.35,-2.1299999999999955
15818,38.24,-1.1099999999999994
15838,37.5,-1.0700000000000003
15866,38.08,-2.200000000000003
15884,39.07,-1.740000000000002
15904,36.09,-2.1499999999999986
15922,36.51,-1.5900000000000034
15959,37.72,-1.6700000000000017
15986,37.12,-4.6200000000000045
16006,32.85,-3.4099999999999966
16024,30.62,-1.3499999999999979
16072,35.27,-3.6999999999999957
16080,33.07,-2.200000000000003
16091,31.55,-1.5199999999999996
16147,33.15,-1.2800000000000011
16165,31.4,-2.3999999999999986
16202,35.24,-1.3099999999999952
16267,34.52,-1.8799999999999955
16276,32.46,-2.0600000000000023
16315,33.45,-4.349999999999994
16390,35.16,-4.630000000000003
16399,33.78,-1.3799999999999955
16427,37.76,-1.1799999999999997
16486,33.88,-8.43
16523,38.04,-1.509999999999998
16550,37.76,-1.9500000000000028
16559,35.15,-2.6099999999999994
16588,31.53,-3.75
16616,32.73,-2.460000000000001
16661,36.32,-1.009999999999998
16671,32.97,-3.3500000000000014
16709,34.6,-2.509999999999998
16738,32.03,-3.259999999999998
16766,31.44,-2.0299999999999976
16804,31.51,-4.580000000000002
16850,35.38,-1.4099999999999966
16868,32.79,-2.270000000000003
16886,31.81,-1.0400000000000027
16904,32.35,-2.039999999999999
16942,36.65,-2.0500000000000043
16970,36.19,-1.8700000000000045
16979,34.88,-1.3099999999999952
17006,37.5,-1.0600000000000023
17015,32.73,-4.770000000000003
17063,37.9,-4.609999999999999
17081,35.83,-1.6700000000000017
17138,36.83,-2.3999999999999986
17167,35.97,-1.3500000000000014
17176,34.6,-1.3699999999999974
17202,35.83,-2.0700000000000003
17219,33.45,-2.8200000000000003
17285,35.82,-2.780000000000001
17303,34.22,-2.5
17330,30.74,-2.820000000000004
17369,35.5,-2.539999999999999
17380,32.93,-2.5700000000000003
17390,30.95,-1.9800000000000004
17428,35.1,-2.460000000000001
17477,32.05,-1.980000000000004
17504,31.62,-3.4800000000000004
17552,36.87,-2.010000000000005
17561,35.28,-1.5899999999999963
17628,37.7,-1.1999999999999957
17693,38.07,-2.3299999999999983
17711,35.93,-2.450000000000003
17759,36.62,-2.780000000000001
17807,33.6,-5.949999999999996
17816,31.34,-2.2600000000000016
17863,34.81,-1.9099999999999966
17882,32.56,-2.5
17939,34.88,-3.0
17948,30.84,-4.040000000000003
17957,29.6,-1.2399999999999984
18014,34.66,-1.7900000000000063
18034,33.26,-4.359999999999999
18044,31.61,-1.6499999999999986
18083,33.17,-4.549999999999997
18110,33.73,-2.4100000000000037
18146,39.74,-4.640000000000001
18157,38.53,-1.2100000000000009
18166,37.45,-1.0799999999999983
18194,41.18,-1.6099999999999994
18223,39.63,-4.329999999999998
18251,38.93,-2.6799999999999997
18271,36.3,-2.5900000000000034
18290,37.58,-1.980000000000004
18308,39.4,-1.5
18317,35.59,-3.809999999999995
18371,36.43,-1.6400000000000006
18410,34.11,-2.8900000000000006
18458,36.63,-6.049999999999997
18479,31.58,-4.980000000000004
18518,38.22,-1.2800000000000011
18536,37.75,-2.1499999999999986
18583,39.2,-2.009999999999998
18640,38.03,-5.039999999999999
18677,39.23,-1.0800000000000054
18686,37.2,-2.029999999999994
18715,39.77,-2.6799999999999997
18734,35.25,-5.259999999999998
18791,35.3,-5.300000000000004
18847,36.18,-1.4200000000000017
18865,35.48,-2.8500000000000014
18874,31.79,-3.6899999999999977
18933,36.75,-4.390000000000001
18951,34.04,-2.240000000000002
19008,39.55,-2.3200000000000003
19027,37.43,-1.2999999999999972
19056,39.11,-1.7700000000000031
19075,35.39,-6.399999999999999
19123,37.25,-1.5300000000000011
19150,37.4,-2.259999999999998
19159,35.75,-1.6499999999999986
19170,34.48,-1.2700000000000031
19216,34.03,-3.6400000000000006
19291,36.4,-1.6799999999999997
19300,35.37,-1.0300000000000011
19309,34.12,-1.25
19389,38.17,-2.8900000000000006
19426,41.3,-2.8200000000000003
19464,41.73,-1.5100000000000051
19473,36.53,-5.199999999999996
19492,37.3,-1.2800000000000011
19519,37.84,-5.439999999999998
19528,36.67,-1.1700000000000017
19546,35.14,-2.1000000000000014
19576,39.84,-1.2299999999999969
19587,36.1,-3.740000000000002
19597,33.58,-2.520000000000003
19644,36.52,-2.1899999999999977
19654,34.46,-2.0600000000000023
19699,35.97,-4.060000000000002
19729,35.56,-1.8099999999999952
19747,33.75,-4.229999999999997
19795,38.66,-6.470000000000006
19843,40.25,-2.210000000000001
19870,37.38,-5.82
19908,38.68,-1.3299999999999983
19926,36.26,-1.8400000000000034
19963,36.34,-3.4099999999999966
20008,38.25,-1.1000000000000014
20019,36.22,-2.030000000000001
20028,33.99,-2.229999999999997
20056,37.98,-1.8700000000000045
20085,35.81,-3.549999999999997
20158,36.28,-1.8799999999999955
20187,38.44,-3.0800000000000054
20224,41.36,-1.4299999999999997
20256,39.35,-1.5300000000000011
20265,37.28,-2.0700000000000003
20302,40.2,-2.5
20322,34.5,-5.100000000000001
20368,37.54,-4.439999999999998
20443,37.23,-1.0400000000000063
20461,37.49,-2.6299999999999955
20481,34.3,-4.830000000000005
20518,38.82,-2.799999999999997
20536,34.59,-4.459999999999994
20593,38.48,-3.480000000000004
20630,42.98,-1.9600000000000009
20638,41.64,-1.3399999999999963
20659,39.12,-2.8900000000000006
20716,39.71,-1.4200000000000017
20743,37.68,-1.8400000000000034
20772,38.06,-1.2199999999999989
20800,38.21,-2.8100000000000023
20836,38.16,-2.1300000000000026
20845,36.24,-1.9199999999999946
20902,37.46,-4.490000000000002
20920,31.24,-5.73
20986,37.57,-6.289999999999999
21042,41.2,-2.6099999999999994
21049,38.51,-2.690000000000005
21088,40.75,-1.3400000000000034
21097,39.42,-1.3299999999999983
21118,37.72,-3.759999999999998
21157,37.17,-2.539999999999999
21186,38.89,-1.7299999999999969
21196,37.28,-1.6099999999999994
21214,36.38,-1.279999999999994
21234,35.54,-2.469999999999999
21280,34.91,-4.090000000000003
21330,37.68,-2.240000000000002
21339,35.4,-2.280000000000001
21376,37.8,-4.280000000000001
21453,42.5,-1.2800000000000011
21463,40.26,-2.240000000000002
21499,40.65,-2.759999999999998
21508,37.55,-3.1000000000000014
21527,38.69,-1.3200000000000003
21546,36.78,-2.6799999999999997
21601,39.47,-1.4200000000000017
21612,34.56,-4.909999999999997
21631,38.07,-1.990000000000002
21687,38.52,-2.469999999999999
21696,36.95,-1.5700000000000003
21724,36.78,-1.2100000000000009
21835,40.75,-3.030000000000001
21894,38.79,-2.520000000000003
21922,39.83,-1.1700000000000017
21952,38.88,-2.5700000000000003
21963,36.67,-2.210000000000001
22021,37.32,-1.5799999999999983
22048,37.21,-1.4499999999999957
22068,39.27,-2.3499999999999943
22077,37.97,-1.3000000000000043
22105,37.33,-2.490000000000002
22141,35.97,-3.5700000000000003
22180,36.48,-2.200000000000003
22255,42.64,-3.5700000000000003
22264,40.4,-2.240000000000002
22333,37.28,-5.009999999999998
22372,39.86,-5.07
22381,37.99,-1.8699999999999974
22399,36.03,-1.4099999999999966
22420,35.25,-2.4099999999999966
22459,36.13,-2.8799999999999955
22507,38.56,-3.219999999999999
22516,36.2,-2.3599999999999994
22534,34.64,-2.5
22564,40.31,-1.3999999999999986
22573,38.22,-2.0900000000000034
22603,37.36,-3.740000000000002
22642,44.7,-1.7099999999999937
22651,43.69,-1.0100000000000051
22662,40.46,-3.229999999999997
22689,40.26,-2.760000000000005
22755,36.83,-6.140000000000001
22784,37.08,-2.0900000000000034
22812,40.8,-3.1500000000000057
22821,37.1,-3.6999999999999957
22831,35.83,-1.2700000000000031
22881,37.53,-2.75
22892,36.47,-1.0600000000000023
22920,35.67,-2.469999999999999
22949,37.02,-3.3399999999999963
22997,39.18,-2.460000000000001
23052,43.72,-1.8000000000000043
23063,42.63,-1.0899999999999963
23073,41.24,-1.3900000000000006
23103,38.65,-1.5900000000000034
23169,38.8,-3.720000000000006
23198,37.53,-1.9799999999999969
23217,33.96,-6.490000000000002
23255,38.82,-2.259999999999998
23264,36.82,-2.0
23274,35.45,-1.3699999999999974
23304,39.26,-2.8500000000000014
23331,39.3,-4.060000000000002
23340,37.31,-1.9899999999999949
23349,34.25,-3.0600000000000023
23378,37.38,-1.0999999999999943
23406,41.16,-2.3300000000000054
23454,39.87,-6.75
23463,37.49,-2.3799999999999955
23502,39.24,-2.969999999999999
23538,40.72,-2.8100000000000023
23547,38.34,-2.3799999999999955
23588,35.52,-4.82
23618,37.73,-1.730000000000004
23637,39.34,-2.2099999999999937
23657,38.64,-1.0899999999999963
23685,39.52,-1.4299999999999997
23706,39.96,-1.9699999999999989
23744,39.49,-1.4099999999999966
23763,37.97,-2.6400000000000006
23774,35.81,-2.1599999999999966
23793,36.06,-2.799999999999997
23850,45.0,-1.1400000000000006
23859,40.2,-4.799999999999997
23870,37.7,-2.5
23889,39.33,-1.1300000000000026
23928,41.12,-2.6200000000000045
23937,38.63,-2.489999999999995
23966,38.23,-1.3000000000000043
23985,37.96,-2.019999999999996
23994,36.79,-1.1700000000000017
24023,38.68,-3.450000000000003
24042,37.93,-1.7700000000000031
24060,42.67,-1.0599999999999952
24069,41.2,-1.4699999999999989
24078,39.43,-1.7700000000000031
24096,39.72,-1.2700000000000031
24126,40.33,-3.6099999999999994
24155,38.91,-3.6400000000000006
24213,43.29,-1.8699999999999974
24249,42.12,-3.470000000000006
24269,42.79,-1.6400000000000006
24278,41.59,-1.1999999999999957
24327,42.6,-3.469999999999999
24347,37.96,-5.100000000000001
24386,41.63,-3.039999999999999
24405,39.75,-2.6099999999999994
24414,38.04,-1.7100000000000009
24444,41.74,-3.6699999999999946
24464,39.64,-3.9399999999999977
24501,42.2,-2.229999999999997
24519,40.98,-1.6500000000000057
24567,42.8,-3.1700000000000017
24586,39.59,-5.259999999999998
24654,41.47,-1.4500000000000028
24743,43.26,-1.5100000000000051
24762,42.54,-2.6700000000000017
24771,40.74,-1.7999999999999972
24781,39.05,-1.6900000000000048
24810,43.39,-1.6899999999999977
24839,40.79,-4.210000000000001
24878,38.8,-3.470000000000006
24915,39.57,-3.3699999999999974
24935,38.6,-2.1199999999999974
24953,36.38,-5.079999999999998
25010,39.62,-7.350000000000001
25049,39.87,-7.420000000000002
25098,39.97,-1.8299999999999983
25145,44.2,-1.4899999999999949
25164,40.74,-4.329999999999998
25182,38.3,-2.9200000000000017
25221,42.53,-2.9200000000000017
25239,38.02,-4.079999999999998
25278,41.64,-2.8500000000000014
25296,41.19,-1.230000000000004
25328,41.8,-2.270000000000003
25338,40.46,-1.3399999999999963
25385,40.8,-4.8700000000000045
25442,44.94,-2.719999999999999
25451,42.24,-2.6999999999999957
25461,38.3,-3.940000000000005
25481,44.34,-1.5499999999999972
25491,41.34,-3.0
25520,42.84,-2.9599999999999937
25541,41.93,-1.3299999999999983
25571,42.74,-1.4499999999999957
25637,41.35,-3.1799999999999997
25674,40.43,-3.1899999999999977
25701,41.22,-1.4200000000000017
25721,45.27,-1.0599999999999952
25739,45.96,-1.1799999999999997
25749,42.2,-3.759999999999998
25767,41.66,-2.270000000000003
25817,39.78,-4.089999999999996
25865,42.79,-2.1400000000000006
25874,38.79,-4.0
25941,40.37,-5.1200000000000045
25960,39.14,-2.4299999999999997
26037,47.21,-1.6099999999999994
26046,42.73,-4.480000000000004
26066,41.38,-1.7199999999999989
26085,42.76,-3.75
26096,37.92,-4.839999999999996
26133,43.45,-2.259999999999998
26142,42.42,-1.0300000000000011
26172,41.29,-1.259999999999998
26219,43.0,-1.5200000000000031
26229,41.12,-1.8800000000000026
26238,39.81,-1.3099999999999952
26285,41.78,-4.859999999999999
26295,40.51,-1.2700000000000031
26313,43.39,-1.240000000000002
26343,45.0,-3.6099999999999994
26361,43.3,-1.1700000000000017
26370,32.78,-10.519999999999996
26391,43.09,-1.0699999999999932
26424,42.95,-2.6199999999999974
26442,41.3,-4.080000000000005
26453,39.11,-2.1899999999999977
26522,43.5,-4.600000000000001
26532,42.11,-1.3900000000000006
26573,41.01,-3.020000000000003
26592,42.68,-1.4600000000000009
26601,39.15,-3.530000000000001
26650,40.98,-3.5400000000000063
26687,41.78,-3.4399999999999977
26705,40.03,-1.6899999999999977
26753,39.98,-5.450000000000003
26803,44.83,-2.3299999999999983
26822,41.67,-2.259999999999998
26879,41.24,-6.030000000000001
26890,40.22,-1.0200000000000031
26957,45.56,-2.0999999999999943
26966,43.92,-1.6400000000000006
26986,42.33,-1.0200000000000031
27014,41.59,-3.229999999999997
27042,40.64,-1.8999999999999986
27062,39.11,-1.6799999999999997
27089,44.6,-4.170000000000002
27110,42.77,-3.299999999999997
27149,41.54,-2.6700000000000017
27178,42.49,-1.5
27217,43.67,-2.3699999999999974
27236,45.07,-2.789999999999999
27245,43.4,-1.6700000000000017
27272,40.64,-5.079999999999998
27322,44.74,-1.509999999999998
27341,44.32,-1.3500000000000014
27350,42.91,-1.4100000000000037
27361,39.54,-3.3699999999999974
27410,43.29,-4.5
27419,41.23,-2.0600000000000023
27437,41.59,-1.5999999999999943
27476,42.53,-3.460000000000001
27496,42.26,-4.800000000000004
27533,47.02,-2.019999999999996
27545,45.33,-1.6900000000000048
27572,43.23,-3.4200000000000017
27593,40.84,-3.539999999999999
27631,42.07,-2.6400000000000006
27650,40.74,-1.4199999999999946
27679,39.59,-1.3999999999999986
27716,47.46,-3.460000000000001
27725,46.34,-1.1199999999999974
27736,44.6,-1.740000000000002
27784,42.56,-1.1599999999999966
27803,42.38,-3.059999999999995
27878,45.12,-2.8500000000000014
27898,43.74,-1.0700000000000003
27937,42.51,-3.4200000000000017
27974,42.06,-1.7199999999999989
28024,44.92,-1.6899999999999977
28073,44.66,-3.1400000000000006
28091,42.52,-1.8299999999999983
28121,43.38,-3.6099999999999994
28159,44.09,-2.1899999999999977
28177,46.04,-1.8599999999999994
28187,44.93,-1.1099999999999994
28208,42.82,-2.0700000000000003
28217,41.75,-1.0700000000000003
28256,40.67,-4.719999999999999
28295,45.57,-1.8699999999999974
28316,44.24,-2.3900000000000006
28343,43.92,-4.269999999999996
28382,43.35,-2.8900000000000006
28412,41.2,-3.559999999999995
28472,47.46,-4.869999999999997
28492,45.54,-1.1199999999999974
28519,40.59,-7.319999999999993
28556,41.82,-1.2199999999999989
28613,48.12,-1.9400000000000048
28622,46.95,-1.1699999999999946
28669,45.45,-3.1199999999999974
28736,44.29,-1.4299999999999997
28765,44.72,-1.490000000000002
28784,45.71,-1.4600000000000009
28795,43.72,-1.990000000000002
28805,41.3,-2.4200000000000017
28844,45.42,-1.75
28871,44.93,-2.1799999999999997
28883,42.6,-2.3299999999999983
28901,41.18,-6.640000000000001
28921,43.4,-1.1700000000000017
28940,42.97,-2.9299999999999997
29006,44.15,-1.7800000000000011
29015,42.26,-1.8900000000000006
29054,46.67,-2.1400000000000006
29087,49.13,-1.1299999999999955
29096,46.59,-2.539999999999999
29105,44.78,-1.8100000000000023
29114,43.65,-1.1300000000000026
29162,44.23,-4.940000000000005
29171,42.5,-1.7299999999999969
29210,45.46,-3.509999999999998
29239,47.84,-1.0899999999999963
29248,45.27,-2.5700000000000003
29267,45.39,-1.0799999999999983
29287,43.61,-3.030000000000001
29306,44.47,-1.25
29360,44.55,-1.3300000000000054
29407,44.78,-4.159999999999997
29426,44.71,-1.9299999999999997
29435,41.71,-3.0
29482,43.93,-1.7800000000000011
29501,39.05,-5.640000000000001
29539,46.4,-3.0500000000000043
29549,44.42,-1.9799999999999969
29567,44.18,-1.1499999999999986
29587,43.74,-1.7399999999999949
29615,44.3,-4.0
29642,42.38,-5.5
29651,41.24,-1.1400000000000006
29671,41.9,-3.1000000000000014
29708,45.6,-3.3799999999999955
29756,47.38,-3.279999999999994
29767,42.38,-5.0
29843,47.29,-1.490000000000002
29852,44.24,-3.049999999999997
29911,47.08,-1.1799999999999997
29921,46.07,-1.009999999999998
29930,43.57,-2.5
29960,44.76,-3.510000000000005
29971,43.52,-1.2399999999999949
29990,44.75,-1.5600000000000023
30008,44.41,-1.3100000000000023
30028,44.57,-1.509999999999998
30037,42.91,-1.6600000000000037
30065,46.57,-1.6599999999999966
30094,42.02,-3.0999999999999943
30143,47.27,-3.9499999999999957
30161,48.74,-1.9699999999999989
30190,45.15,-5.810000000000002
30247,49.47,-2.1799999999999997
30275,41.46,-10.469999999999999
30295,42.25,-1.7700000000000031
30325,46.62,-1.4200000000000017
30353,48.28,-3.6000000000000014
30392,50.6,-3.3900000000000006
30401,49.58,-1.0200000000000031
30422,47.96,-3.8500000000000014
30431,46.43,-1.5300000000000011
30460,44.51,-2.719999999999999
30506,47.92,-1.4799999999999969
30515,46.19,-1.730000000000004
30526,44.92,-1.269999999999996
30555,46.36,-3.4399999999999977
30574,47.93,-1.4799999999999969
30583,45.68,-2.25
30610,45.8,-2.3700000000000045
30639,52.05,-1.6099999999999994
30658,47.57,-6.75
30685,46.21,-1.1599999999999966
30705,44.92,-2.9099999999999966
30733,49.74,-1.2299999999999969
30751,49.77,-2.479999999999997
30760,48.04,-1.730000000000004
30769,45.56,-2.479999999999997
30799,46.33,-1.4400000000000048
30828,43.37,-5.470000000000006
30865,52.3,-2.970000000000006
30894,50.48,-2.010000000000005
30904,45.76,-4.719999999999999
30922,48.32,-1.3299999999999983
30940,45.95,-4.089999999999996
30997,48.24,-3.559999999999995
31006,46.93,-1.3100000000000023
31015,43.39,-3.539999999999999
31053,46.11,-2.3999999999999986
31081,45.86,-3.5700000000000003
31102,49.44,-1.6900000000000048
31132,51.31,-2.4199999999999946
31143,48.08,-3.230000000000004
31152,45.39,-2.6899999999999977
31189,47.21,-1.3599999999999994
31228,49.92,-2.3799999999999955
31248,46.95,-3.6400000000000006
31258,43.04,-3.9100000000000037
31297,46.27,-1.6799999999999997
31315,44.52,-4.149999999999999
31344,49.99,-2.8500000000000014
31363,48.22,-3.6799999999999997
31381,46.85,-5.780000000000001
31410,44.52,-4.829999999999998
31458,50.41,-4.420000000000002
31477,46.62,-4.770000000000003
31507,47.04,-4.280000000000001
31534,47.14,-3.3999999999999986
31563,48.92,-1.3299999999999983
31591,50.55,-1.1799999999999997
31618,46.42,-5.0
31666,46.73,-4.800000000000004
31686,48.47,-1.8700000000000045
31716,46.45,-6.18
31735,45.89,-3.5899999999999963
31837,52.43,-4.0
31876,49.69,-5.330000000000005
31885,48.01,-1.6799999999999997
31915,45.56,-3.280000000000001
31942,50.25,-1.1300000000000026
31960,52.19,-1.0399999999999991
31969,47.19,-5.0
31980,45.84,-1.3499999999999943
31998,45.62,-2.010000000000005
32090,52.5,-2.460000000000001
32099,48.89,-3.6099999999999994
32118,45.85,-5.649999999999999
32155,45.24,-6.530000000000001
32212,47.73,-4.020000000000003
32232,44.04,-5.420000000000002
32260,47.86,-4.57
32278,44.19,-5.240000000000002
32308,52.23,-2.1500000000000057
32337,52.34,-1.9099999999999966
32356,49.43,-4.219999999999999
32394,45.81,-6.6299999999999955
32413,49.24,-1.2399999999999949
32431,47.57,-2.3100000000000023
32460,49.97,-1.7800000000000011
32478,46.48,-3.8200000000000003
32518,46.15,-4.590000000000003
32589,49.79,-6.469999999999999
32608,50.49,-2.960000000000001
32629,50.0,-2.539999999999999
32647,48.07,-1.0200000000000031
32676,50.26,-2.8999999999999986
32695,49.49,-1.3900000000000006
32704,44.73,-4.760000000000005
32724,45.61,-4.950000000000003
32752,46.13,-4.159999999999997
32761,39.75,-6.380000000000003
32829,54.18,-2.9100000000000037
32839,49.25,-4.93
32868,51.59,-2.1599999999999966
32878,47.82,-3.770000000000003
32938,50.47,-3.1899999999999977
32956,49.11,-1.1600000000000037
32967,46.07,-3.039999999999999
32995,48.83,-2.1300000000000026
33013,46.31,-2.1099999999999994
33052,54.17,-4.449999999999996
33070,52.55,-1.2700000000000031
33079,49.15,-3.3999999999999986
33118,47.12,-6.010000000000005
33156,51.02,-1.009999999999998
33193,45.98,-6.350000000000001
33204,44.92,-1.0599999999999952
33250,47.92,-4.659999999999997
33334,51.71,-1.6799999999999997
33354,49.97,-2.9399999999999977
33402,53.11,-3.25
33412,46.96,-6.149999999999999
33430,48.72,-1.1400000000000006
33450,45.78,-3.6499999999999986
33486,49.62,-1.1799999999999997
33534,52.33,-2.3599999999999994
33574,51.7,-3.279999999999994
33585,50.56,-1.1400000000000006
33594,49.28,-1.2800000000000011
33661,52.28,-4.909999999999997
33670,50.64,-1.6400000000000006
33681,46.77,-3.8699999999999974
33741,48.73,-1.6100000000000065
33778,49.11,-2.469999999999999
33837,50.49,-6.089999999999996
33874,53.59,-1.6299999999999955
33886,51.98,-1.6100000000000065
33913,53.82,-1.2199999999999989
33924,47.05,-6.770000000000003
33934,42.52,-4.529999999999994
33982,43.35,-6.699999999999996
34009,51.43,-2.6000000000000014
34048,55.18,-1.5799999999999983
34068,54.0,-2.1799999999999997
34078,51.01,-2.990000000000002
34087,48.33,-2.6799999999999997
34116,51.32,-2.0799999999999983
34153,47.58,-5.270000000000003
34182,43.76,-3.8000000000000043
34201,45.82,-1.4200000000000017
34221,43.03,-9.420000000000002
34249,50.04,-4.780000000000001
34290,50.03,-5.810000000000002
34300,48.65,-1.3800000000000026
34348,49.82,-6.32
34360,47.23,-2.5900000000000034
34390,50.43,-1.7000000000000028
34409,48.8,-4.970000000000006
34419,45.72,-3.0799999999999983
34478,49.34,-2.3499999999999943
34487,46.15,-3.190000000000005
34506,51.74,-1.0799999999999983
34545,53.22,-1.7199999999999989
34574,52.52,-1.1999999999999957
34583,50.36,-2.1600000000000037
34641,48.59,-7.269999999999996
34650,47.47,-1.1200000000000045
34670,43.8,-4.650000000000006
34689,46.97,-3.8599999999999994
34745,53.85,-1.5399999999999991
34764,55.7,-2.989999999999995
34773,53.51,-2.190000000000005
34785,50.3,-3.210000000000001
34814,51.91,-3.0400000000000063
34824,49.06,-2.8499999999999943
34833,46.39,-2.6700000000000017
34890,49.12,-5.800000000000004
34901,43.24,-5.8799999999999955
34920,45.43,-3.6499999999999986
34940,46.26,-3.9299999999999997
34989,53.3,-1.8500000000000014
35018,54.44,-1.9200000000000017
35037,53.59,-4.009999999999998
35046,50.69,-2.9000000000000057
35066,51.59,-2.1699999999999946
35076,49.32,-2.270000000000003
35085,46.04,-3.280000000000001
35124,52.45,-1.2299999999999969
35133,42.38,-10.07
35154,47.23,-1.240000000000002
35172,48.63,-3.1599999999999966
35193,50.32,-2.030000000000001
35202,47.24,-3.0799999999999983
35259,54.74,-5.460000000000001
35289,52.87,-7.010000000000005
35307,49.09,-3.1099999999999994
35346,49.51,-1.9400000000000048
35365,53.19,-1.3700000000000045
35385,47.52,-5.469999999999999
35394,44.25,-3.270000000000003
35414,49.04,-1.2199999999999989
35433,50.18,-4.539999999999999
35463,49.9,-3.3700000000000045
35493,55.14,-4.18
35523,50.29,-7.670000000000002
35543,48.17,-3.3900000000000006
35560,51.33,-1.4100000000000037
35610,49.2,-8.29
35631,46.8,-1.8100000000000023
35670,50.64,-1.6300000000000026
35681,49.29,-1.3500000000000014
35690,47.81,-1.4799999999999969
35730,53.64,-2.509999999999998
35760,54.25,-4.859999999999999
35769,53.13,-1.1199999999999974
35780,49.11,-4.020000000000003
35819,52.67,-1.3500000000000014
35838,49.59,-3.8899999999999935
35868,51.99,-4.640000000000001
35877,48.94,-3.0500000000000043
35925,47.84,-4.559999999999995
35943,46.23,-3.6600000000000037
36012,52.45,-10.979999999999997
36032,50.31,-2.1199999999999974
36041,46.11,-4.200000000000003
36090,52.32,-1.4699999999999989
36099,51.23,-1.0900000000000034
36108,47.72,-3.509999999999998
36119,43.52,-4.199999999999996
36129,39.98,-3.5400000000000063
36159,45.13,-4.93
36189,47.95,-2.019999999999996
36218,50.23,-4.310000000000002
36249,51.29,-4.030000000000001
36270,55.32,-1.7899999999999991
36279,52.27,-3.049999999999997
36300,49.82,-2.3299999999999983
36328,47.01,-2.690000000000005
36357,52.43,-4.219999999999999
36368,48.64,-3.789999999999999
36387,50.82,-1.1400000000000006
36408,48.21,-3.039999999999999
36417,45.35,-2.8599999999999994
36474,43.68,-8.770000000000003
36513,49.35,-3.0799999999999983
36524,48.27,-1.0799999999999983
36552,55.11,-1.0300000000000011
36573,49.74,-5.739999999999995
36612,48.25,-4.57
36642,43.62,-6.8700000000000045
36680,50.81,-25.870000000000005
36699,48.04,-6.5
36708,45.91,-2.1300000000000026
36717,44.89,-1.019999999999996
36765,48.93,-3.3599999999999994
36776,46.11,-2.8200000000000003
36797,46.84,-1.0999999999999943
36816,50.57,-1.259999999999998
36857,51.0,-6.659999999999997
36876,49.18,-1.1000000000000014
36905,49.31,-1.5599999999999952
36954,50.68,-4.219999999999999
36975,48.51,-3.3599999999999994
37005,49.95,-3.799999999999997
37014,43.19,-6.760000000000005
37053,48.36,-2.270000000000003
37074,46.55,-5.550000000000004
37083,44.84,-1.7099999999999937
37131,50.78,-1.240000000000002
37170,55.16,-1.4100000000000037
37188,51.56,-2.789999999999999
37200,49.66,-1.9000000000000057
37229,51.47,-1.2100000000000009
37239,48.82,-2.6499999999999986
37248,46.81,-2.009999999999998
37277,50.54,-2.3599999999999994
37296,48.18,-5.719999999999999
37307,46.2,-1.9799999999999969
37377,48.12,-4.450000000000003
37434,50.83,-1.6799999999999997
37464,52.94,-2.3900000000000006
37473,39.7,-13.239999999999995
37493,54.32,-3.9099999999999966
37503,50.0,-4.32
37541,50.65,-1.6300000000000026
37580,53.05,-1.6300000000000026
37590,51.49,-1.5599999999999952
37608,49.05,-1.7600000000000051
37619,46.99,-2.059999999999995
37628,44.82,-2.1700000000000017
37667,48.87,-3.760000000000005
37677,44.05,-4.82
37697,42.39,-7.339999999999996
37758,55.5,-4.640000000000001
37767,52.4,-3.1000000000000014
37797,49.69,-2.960000000000001
37827,50.19,-2.6700000000000017
37836,47.56,-2.6299999999999955
37875,48.37,-5.850000000000001
37914,46.83,-4.380000000000003
37943,43.47,-2.009999999999998
37962,50.78,-2.5
37973,48.3,-2.480000000000004
37982,44.54,-3.759999999999998
38022,49.1,-6.530000000000001
38079,51.83,-1.1400000000000006
38109,47.73,-7.970000000000006
38130,47.75,-5.399999999999999
38139,45.85,-1.8999999999999986
38199,49.47,-4.939999999999998
38208,46.64,-2.8299999999999983
38228,45.57,-1.4099999999999966
38237,41.64,-3.9299999999999997
38268,44.94,-3.9100000000000037
38298,47.51,-1.0700000000000003
38337,47.36,-6.57
38368,53.59,-1.0499999999999972
38377,52.34,-1.25
38426,49.22,-1.6499999999999986
38446,49.47,-4.289999999999999
38492,49.98,-3.8700000000000045
38533,46.79,-3.9200000000000017
38552,42.6,-5.6299999999999955
38582,50.11,-1.75
38591,48.14,-1.9699999999999989
38602,45.38,-2.759999999999998
38678,53.48,-2.280000000000001
38696,50.01,-2.8800000000000026
38726,46.88,-3.75
38776,53.0,-1.9699999999999989
38795,47.47,-36.78
38815,45.73,-2.9000000000000057
38843,43.93,-4.509999999999998
38852,42.7,-1.2299999999999969
38873,45.0,-4.210000000000001
38933,49.32,-2.1799999999999997
38962,50.26,-6.090000000000003
38972,49.04,-1.2199999999999989
39001,50.07,-4.579999999999998
39050,51.19,-1.75
39070,52.82,-2.6700000000000017
39098,49.88,-31.990000000000002
39118,50.36,-4.230000000000004
39128,47.15,-3.210000000000001
39176,48.64,-3.3699999999999974
39188,44.43,-4.210000000000001
39226,49.86,-4.299999999999997
39265,50.39,-4.210000000000001
39294,49.16,-5.850000000000001
39312,47.17,-4.339999999999996
39332,50.87,-1.740000000000002
39352,50.4,-2.770000000000003
39389,49.78,-4.019999999999996
39419,47.81,-5.739999999999995
39440,42.58,-5.670000000000002
39469,45.27,-2.239999999999995
39497,47.39,-1.8699999999999974
39545,52.07,-1.1499999999999986
39566,52.16,-1.1700000000000017
39584,39.16,-16.450000000000003
39623,50.25,-3.6799999999999997
39634,48.63,-1.6199999999999974
39662,49.52,-1.5
39692,50.57,-5.530000000000001
39701,48.9,-1.6700000000000017
39721,50.25,-2.200000000000003
39749,47.79,-1.5200000000000031
39770,50.28,-1.1899999999999977
39799,28.37,-22.48
39878,53.19,-1.1300000000000026
39896,52.05,-3.1500000000000057
39908,49.67,-2.3799999999999955
39917,48.37,-1.3000000000000043
39926,47.36,-1.009999999999998
39976,52.4,-1.740000000000002
39995,51.42,-1.6499999999999986
40025,49.45,-4.949999999999996
40034,46.38,-3.0700000000000003
40045,42.23,-4.150000000000006
40084,44.76,-8.560000000000002
40112,45.47,-5.270000000000003
40132,46.38,-2.729999999999997
40160,52.93,-3.3100000000000023
40180,54.25,-1.5900000000000034
40189,41.78,-12.469999999999999
40228,51.73,-1.9100000000000037
40237,50.62,-1.1099999999999994
40246,48.0,-2.6199999999999974
40288,52.43,-1.5900000000000034
40310,52.23,-1.4000000000000057
40319,50.74,-1.4899999999999949
40328,45.47,-5.270000000000003
40348,45.51,-1.2600000000000051
40358,43.19,-2.3200000000000003
40409,46.66,-3.470000000000006
40439,49.37,-2.1600000000000037
40459,50.54,-3.6199999999999974
40478,51.51,-2.5700000000000003
40496,49.36,-5.609999999999999
40517,46.03,-6.689999999999998
40535,47.76,-2.4200000000000017
40574,47.94,-1.1099999999999994
40583,46.61,-1.3299999999999983
40604,50.28,-1.4200000000000017
40634,51.57,-4.509999999999998
40643,46.41,-5.160000000000004
40652,45.35,-1.0599999999999952
40673,45.06,-1.25
40712,48.28,-4.490000000000002
40760,50.28,-1.8200000000000003
40790,54.73,-1.1300000000000026
40799,51.8,-2.9299999999999997
40819,52.32,-3.770000000000003
40829,50.17,-2.1499999999999986
40847,48.52,-1.3399999999999963
40859,46.49,-2.030000000000001
40880,48.09,-3.219999999999999
40930,51.49,-3.979999999999997
40939,50.42,-1.0700000000000003
40948,44.81,-5.609999999999999
40969,43.27,-2.75
40997,50.47,-1.4699999999999989
41006,44.51,-5.960000000000001
41063,51.23,-3.1300000000000026
41083,50.4,-2.8400000000000034
41111,49.85,-6.420000000000002
41159,50.97,-1.3599999999999994
41168,48.96,-2.009999999999998
41197,51.28,-3.019999999999996
41216,49.86,-2.1000000000000014
41245,47.26,-7.25
41255,43.81,-3.4499999999999957
41300,47.85,-5.309999999999995
41311,45.14,-2.710000000000001
41407,52.04,-1.5900000000000034
41426,48.27,-7.119999999999997
41453,50.75,-2.8599999999999994
41464,47.65,-3.1000000000000014
41492,49.36,-3.5900000000000034
41521,50.48,-2.6500000000000057
41540,46.88,-4.789999999999999
41558,45.38,-1.6999999999999957
41606,47.13,-6.18
41615,43.95,-3.1799999999999997
41686,53.73,-1.0100000000000051
41714,51.08,-1.8400000000000034
41744,49.96,-5.789999999999999
41792,48.22,-2.3299999999999983
41830,49.41,-2.4200000000000017
41849,44.03,-4.799999999999997
41867,42.62,-2.0900000000000034
41887,44.79,-2.270000000000003
41906,43.19,-4.07
41944,49.61,-1.2000000000000028
42011,53.13,-3.1799999999999997
42038,46.23,-7.470000000000006
42098,52.08,-4.060000000000002
42107,50.96,-1.1199999999999974
42128,49.28,-4.3799999999999955
42148,46.02,-3.809999999999995
42167,38.18,-8.270000000000003
42215,43.21,-6.469999999999999
42235,42.63,-3.8299999999999983
42253,45.0,-3.0700000000000003
42273,44.08,-2.3500000000000014
42312,46.01,-3.3100000000000023
42379,51.85,-2.8500000000000014
42399,47.61,-4.630000000000003
42427,46.53,-3.8200000000000003
42475,50.08,-1.2600000000000051
42495,47.8,-2.1799999999999997
42545,48.81,-4.369999999999997
42555,44.25,-4.560000000000002
42575,40.49,-4.439999999999998
42607,47.06,-2.729999999999997
42628,46.11,-3.5600000000000023
42657,45.75,-2.6599999999999966
42694,48.31,-2.25
42703,46.97,-1.3400000000000034
42744,50.71,-3.1599999999999966
42772,47.15,-4.190000000000005
42811,51.0,-2.780000000000001
42821,47.18,-3.8200000000000003
42832,45.06,-2.1199999999999974
42882,52.42,-1.019999999999996
42892,49.64,-2.780000000000001
42931,48.74,-1.6400000000000006
42951,47.06,-3.1299999999999955
42961,45.0,-2.0600000000000023
42970,41.96,-3.039999999999999
42991,42.85,-1.0300000000000011
43021,46.17,-7.329999999999998
43030,42.24,-3.9299999999999997
43099,50.05,-1.4100000000000037
43128,50.55,-1.1799999999999997
43147,49.09,-2.509999999999998
43186,48.31,-1.0399999999999991
43216,47.75,-2.1899999999999977
43225,45.96,-1.7899999999999991
43234,44.94,-1.0200000000000031
43263,46.65,-1.3999999999999986
43312,50.6,-4.759999999999998
43321,46.82,-3.780000000000001
43359,47.06,-4.809999999999995
43369,40.69,-6.3700000000000045
43428,46.56,-5.460000000000001
43438,45.49,-1.0700000000000003
43447,44.04,-1.4500000000000028
43477,46.02,-3.029999999999994
43557,49.14,-5.07
43576,49.18,-1.509999999999998
43594,49.85,-1.0799999999999983
43614,46.72,-7.670000000000002
43644,47.99,-1.7299999999999969
43663,47.14,-2.3800000000000026
43681,49.3,-2.8900000000000006
43701,48.16,-1.6900000000000048
43768,47.94,-2.690000000000005
43779,42.33,-5.609999999999999
43828,45.75,-2.9299999999999997
43858,46.45,-2.1499999999999986
43888,45.15,-1.8700000000000045
43906,45.76,-3.510000000000005
43936,48.84,-4.93
43966,52.19,-1.5900000000000034
43986,50.32,-3.8599999999999994
44014,45.46,-5.329999999999998
44044,47.96,-2.1499999999999986
44062,46.87,-1.1700000000000017
44110,51.17,-3.0799999999999983
44122,45.95,-5.219999999999999
44131,43.85,-2.1000000000000014
44152,48.86,-1.6899999999999977
44173,44.5,-3.3999999999999986
44182,40.98,-3.520000000000003
44232,44.27,-1.6899999999999977
44251,40.87,-3.1099999999999994
44310,43.49,-8.269999999999996
44332,47.95,-1.7999999999999972
44370,53.38,-1.509999999999998
44379,47.55,-5.830000000000005
44408,50.01,-3.8200000000000003
44428,48.15,-2.5500000000000043
44448,43.61,-4.380000000000003
44488,48.4,-1.4400000000000048
44527,48.81,-1.4699999999999989
44568,48.93,-1.8500000000000014
44577,45.35,-3.5799999999999983
44587,41.18,-4.170000000000002
44596,39.37,-1.8100000000000023
44626,42.52,-5.939999999999998
44637,41.25,-1.2700000000000031
44667,45.0,-1.6599999999999966
44676,43.9,-1.1000000000000014
44725,48.64,-1.8500000000000014
44734,46.62,-2.020000000000003
44752,50.9,-1.5900000000000034
44773,48.62,-1.5399999999999991
44832,48.59,-3.009999999999998
44860,47.06,-1.0999999999999943
44893,52.69,-1.5600000000000023
44902,50.33,-2.3599999999999994
44914,49.08,-1.25
44925,46.53,-2.549999999999997
44962,48.28,-1.4699999999999989
44971,45.43,-2.8500000000000014
44982,43.49,-1.9399999999999977
45033,45.55,-1.9400000000000048
45043,43.76,-1.7899999999999991
45052,42.53,-1.2299999999999969
45063,39.78,-2.75
45181,51.19,-1.4600000000000009
45204,51.37,-1.5500000000000043
45214,49.12,-2.25
45223,47.03,-2.0899999999999963
45243,45.51,-4.030000000000001
45262,46.22,-1.5399999999999991
45312,46.08,-1.2000000000000028
45342,47.44,-2.6000000000000014
45370,43.08,-5.780000000000001
45391,39.81,-4.659999999999997
45430,44.38,-1.9099999999999966
45498,44.35,-1.6599999999999966
45537,45.2,-2.6499999999999986
45556,49.45,-1.4099999999999966
45577,50.29,-2.1000000000000014
45606,48.07,-3.5899999999999963
45616,46.51,-1.5600000000000023
45655,46.11,-2.1000000000000014
45665,44.74,-1.3699999999999974
45694,46.3,-4.240000000000002
45733,49.46,-2.4299999999999997
45772,45.31,-7.539999999999999
45783,43.49,-1.8200000000000003
45793,41.29,-2.200000000000003
45853,49.14,-3.1499999999999986
45871,43.97,-4.43
45882,42.63,-1.3399999999999963
45930,49.26,-3.3200000000000003
45940,45.58,-3.6799999999999997
45960,48.58,-3.3100000000000023
46018,47.3,-6.730000000000004
46057,46.85,-1.5399999999999991
46089,46.95,-2.9099999999999966
46100,43.96,-2.990000000000002
46137,48.99,-1.9699999999999989
46149,46.31,-2.6799999999999997
46169,52.22,-4.090000000000003
46179,49.48,-2.740000000000002
46188,45.51,-3.969999999999999
46199,43.47,-2.039999999999999
46209,40.22,-3.25
46229,43.41,-2.940000000000005
46239,42.27,-1.1399999999999935
46269,47.11,-1.5600000000000023
46278,43.55,-3.5600000000000023
46330,48.69,-6.57
46371,48.66,-2.2900000000000063
46449,46.78,-5.839999999999996
46458,45.24,-1.5399999999999991
46508,47.78,-4.990000000000002
46527,50.19,-1.0300000000000011
46556,48.5,-3.3299999999999983
46566,47.41,-1.0900000000000034
46584,44.74,-3.4099999999999966
46595,43.71,-1.0300000000000011
46614,42.36,-2.700000000000003
46632,42.26,-4.780000000000001
46701,44.54,-1.3200000000000003
46710,43.47,-1.0700000000000003
46749,50.72,-3.5799999999999983
46791,50.61,-1.3599999999999994
46809,47.95,-4.5
46857,48.18,-3.4299999999999997
46877,46.58,-2.4299999999999997
46896,47.12,-2.450000000000003
46946,47.31,-5.919999999999995
46985,43.6,-5.600000000000001
47004,41.03,-6.530000000000001
47091,44.35,-1.7999999999999972
47121,44.51,-2.3100000000000023
47160,50.61,-1.1600000000000037
47180,50.29,-2.960000000000001
47199,48.29,-3.789999999999999
47219,48.83,-1.6300000000000026
47259,45.54,-4.390000000000001
47289,46.66,-3.700000000000003
47310,47.87,-1.3700000000000045
47340,48.78,-3.5
47349,46.24,-2.539999999999999
47370,49.3,-1.2000000000000028
47379,46.51,-2.789999999999999
47409,43.3,-2.770000000000003
47457,48.24,-1.6199999999999974
47478,46.99,-1.1999999999999957
47496,43.35,-3.280000000000001
47606,49.17,-2.009999999999998
47636,48.08,-1.1200000000000045
47664,45.35,-5.079999999999998
47705,49.25,-1.3500000000000014
47735,48.39,-5.009999999999998
47756,47.05,-1.6000000000000014
47796,45.0,-6.030000000000001
47805,40.88,-4.119999999999997
47868,39.57,-4.589999999999996
47897,41.48,-2.6600000000000037
47966,48.76,-1.0600000000000023
48006,50.43,-1.2100000000000009
48024,48.66,-1.0700000000000003
48045,45.76,-3.780000000000001
48123,49.41,-2.3300000000000054
48155,44.64,-5.089999999999996
48165,42.19,-2.450000000000003
48195,40.4,-5.289999999999999
48234,37.62,-2.1400000000000006
48293,40.74,-2.769999999999996
48303,38.9,-1.8400000000000034
48351,43.09,-3.1699999999999946
48362,39.09,-4.0
48402,40.7,-2.3299999999999983
48461,41.08,-3.3000000000000043
48500,46.42,-2.0799999999999983
48530,43.95,-3.3299999999999983
48572,46.05,-3.770000000000003
48602,43.51,-2.789999999999999
48630,44.09,-2.3799999999999955
48678,44.02,-1.8699999999999974
48722,45.59,-2.1499999999999986
48731,44.21,-1.3800000000000026
48761,44.43,-1.0300000000000011
48791,45.77,-1.029999999999994
48810,40.23,-5.540000000000006
48830,38.18,-4.039999999999999
48906,38.6,-4.229999999999997
48944,39.5,-2.25
48974,38.83,-2.5900000000000034
49041,43.59,-3.069999999999993
49050,42.1,-1.490000000000002
49109,48.26,-1.8599999999999994
49131,47.26,-1.3599999999999994
49160,46.94,-4.350000000000001
49170,43.59,-3.3499999999999943
49199,39.44,-8.850000000000001
49247,44.8,-3.1799999999999997
49287,41.41,-4.580000000000005
49335,50.24,-2.1799999999999997
49346,46.16,-4.080000000000005
49356,43.91,-2.25
49365,41.62,-2.289999999999999
49394,42.97,-1.5799999999999983
49424,41.15,-2.1300000000000026
49433,39.6,-1.5499999999999972
49481,38.4,-2.990000000000002
49511,40.93,-2.039999999999999
49530,41.48,-1.0600000000000023
49595,41.87,-2.3000000000000043
49634,46.22,-1.0500000000000043
49662,44.64,-1.519999999999996
49701,46.75,-2.1499999999999986
49722,45.39,-3.960000000000001
49761,46.62,-1.720000000000006
49800,42.81,-6.219999999999999
49811,41.34,-1.4699999999999989
49841,42.85,-1.5399999999999991
49860,43.25,-1.6799999999999997
49899,43.8,-3.710000000000001
49919,44.67,-2.25
49938,43.79,-1.2100000000000009
49959,43.29,-2.210000000000001
49997,41.77,-4.329999999999998
50017,40.41,-4.3600000000000065
50036,41.14,-2.759999999999998
50045,39.35,-1.7899999999999991
50093,39.76,-2.1499999999999986
50102,37.92,-1.8399999999999963
50174,41.6,-1.3799999999999955
50194,34.91,-8.39
50213,40.82,-1.009999999999998
50234,39.79,-4.5
50305,45.52,-2.4299999999999997
50324,47.06,-3.780000000000001
50344,44.23,-2.3500000000000014
50393,45.75,-3.030000000000001
50405,44.62,-1.1300000000000026
50414,43.55,-1.0700000000000003
50444,45.0,-1.509999999999998
50483,43.92,-2.1999999999999957
50542,44.05,-4.850000000000001
50570,43.28,-3.009999999999998
50609,44.05,-1.6200000000000045
50620,41.57,-2.479999999999997
50630,39.89,-1.6799999999999997
50639,38.05,-1.8400000000000034
50650,36.46,-1.5899999999999963
50717,40.38,-1.5799999999999983
50726,38.1,-2.280000000000001
50785,39.22,-1.6099999999999994
50804,40.53,-2.469999999999999
50825,40.43,-2.8900000000000006
50902,45.23,-1.6200000000000045
50951,46.07,-2.0899999999999963
50962,43.34,-2.729999999999997
51050,41.13,-4.43
51116,44.18,-1.2899999999999991
51125,40.45,-3.729999999999997
51175,43.96,-1.0399999999999991
51203,45.55,-1.0500000000000043
51223,41.72,-3.980000000000004
51263,35.27,-5.119999999999997
51322,39.55,-3.1300000000000026
51341,38.18,-2.4299999999999997
51400,39.19,-3.730000000000004
51448,43.91,-1.5700000000000003
51476,43.75,-2.3599999999999994
51563,46.27,-1.9699999999999989
51582,42.67,-3.9499999999999957
51611,42.13,-2.229999999999997
51640,44.58,-1.9400000000000048
51659,41.89,-1.8800000000000026
51728,43.93,-3.6099999999999994
51757,44.43,-1.8299999999999983
51775,42.79,-1.6099999999999994
51812,44.43,-2.1400000000000006
51833,40.79,-4.390000000000001
51842,36.03,-4.759999999999998
51863,37.43,-1.6400000000000006
51902,36.94,-4.420000000000002
51950,33.05,-8.350000000000001
51970,36.27,-2.9599999999999937
51989,41.1,-1.259999999999998
52010,40.65,-3.5
52079,42.4,-4.020000000000003
52127,46.41,-1.5700000000000003
52207,44.57,-2.6099999999999994
52226,43.14,-4.039999999999999
52235,40.86,-2.280000000000001
52256,41.46,-1.5899999999999963
52295,42.75,-4.619999999999997
52306,40.48,-2.270000000000003
52355,46.02,-1.8999999999999986
52364,42.57,-3.450000000000003
52424,46.71,-1.240000000000002
52433,44.47,-2.240000000000002
52444,40.69,-3.780000000000001
52453,38.65,-2.039999999999999
52463,36.21,-2.4399999999999977
52481,38.56,-1.0499999999999972
52508,38.54,-2.1799999999999997
52529,39.71,-1.240000000000002
52568,39.2,-3.3999999999999986
52616,40.44,-2.280000000000001
52703,46.04,-1.8299999999999983
52742,44.33,-4.060000000000002
52762,44.55,-1.0500000000000043
52790,43.59,-2.4399999999999977
52811,46.82,-1.6499999999999986
52820,44.27,-2.549999999999997
52829,43.24,-1.0300000000000011
52868,43.11,-2.1099999999999994
52888,44.55,-1.5400000000000063
52919,43.46,-1.3100000000000023
52930,42.35,-1.1099999999999994
52969,42.82,-1.1499999999999986
52978,40.25,-2.5700000000000003
53018,44.0,-1.7999999999999972
53036,40.08,-4.829999999999998
53045,36.39,-3.6899999999999977
53146,39.97,-2.8900000000000006
53174,40.54,-1.8299999999999983
53204,38.81,-1.7299999999999969
53234,40.43,-1.25
53264,41.26,-3.5
53324,46.51,-2.3999999999999986
53363,45.06,-1.5399999999999991
53402,45.95,-1.5499999999999972
53411,44.46,-1.490000000000002
53422,41.99,-2.469999999999999
53452,43.16,-1.8400000000000034
53480,41.65,-1.1400000000000006
53491,38.88,-2.769999999999996
53531,43.64,-1.509999999999998
53551,41.63,-2.1599999999999966
53600,42.91,-4.400000000000006
53618,42.16,-4.25
53627,40.79,-1.3699999999999974
53668,39.79,-1.5799999999999983
53719,38.47,-2.1499999999999986
53750,35.89,-3.009999999999998
53789,37.76,-2.75
53858,42.25,-2.219999999999999
53869,40.49,-1.759999999999998
53897,42.56,-3.729999999999997
53930,44.83,-2.520000000000003
53989,45.73,-1.9100000000000037
54028,42.35,-2.969999999999999
54069,40.87,-4.43
54129,41.6,-2.0
54160,39.66,-4.230000000000004
54178,35.79,-5.140000000000001
54294,40.41,-1.720000000000006
54303,37.86,-2.549999999999997
54324,34.12,-3.3500000000000014
54412,38.25,-1.5600000000000023
54421,34.95,-3.299999999999997
54471,36.5,-1.7899999999999991
54490,37.74,-1.3799999999999955
54529,38.74,-2.1799999999999997
54586,37.28,-2.049999999999997
54595,35.27,-2.009999999999998
54625,35.47,-1.6099999999999994
54774,39.98,-1.7600000000000051
54804,42.52,-1.1499999999999986
54832,42.17,-1.1099999999999994
54882,42.11,-1.230000000000004
54910,39.37,-1.6799999999999997
54920,37.8,-1.5700000000000003
54997,44.26,-1.230000000000004
55008,43.16,-1.1000000000000014
55018,39.15,-4.009999999999998
55068,39.39,-2.8999999999999986
55078,38.12,-1.2700000000000031
55117,39.19,-2.8700000000000045
55135,38.85,-2.009999999999998
55174,37.72,-2.3299999999999983
55261,40.26,-1.0500000000000043
55270,39.1,-1.1599999999999966
55279,37.75,-1.3500000000000014
55290,36.47,-1.2800000000000011
55348,39.62,-1.8599999999999994
55368,39.33,-1.8700000000000045
55405,41.27,-1.2199999999999989
55416,39.4,-1.8700000000000045
55426,38.2,-1.1999999999999957
55435,35.29,-2.9100000000000037
55476,39.27,-2.6399999999999935
55495,38.43,-1.1700000000000017
55525,37.57,-1.3500000000000014
55585,35.18,-2.509999999999998
55648,37.15,-2.1400000000000006
55668,34.66,-2.3500000000000014
55678,33.56,-1.0999999999999943
55737,37.22,-1.3500000000000014
55747,36.17,-1.0499999999999972
55798,38.44,-1.0900000000000034
55837,38.34,-2.289999999999999
55846,37.18,-1.1600000000000037
55876,35.73,-1.3200000000000003
55954,39.84,-2.309999999999995
55984,39.14,-1.1499999999999986
56032,42.94,-1.9400000000000048
56062,40.83,-2.6700000000000017
56206,40.77,-1.5599999999999952
56236,40.52,-2.539999999999999
56296,41.22,-1.3700000000000045
56305,40.16,-1.0600000000000023
56316,38.45,-1.7099999999999937
56335,37.28,-1.3699999999999974
56401,37.92,-1.6599999999999966
56441,38.93,-2.1700000000000017
56490,38.94,-1.9000000000000057
56509,37.2,-2.1999999999999957
56530,36.89,-1.6300000000000026
56587,39.2,-1.3999999999999986
56617,40.01,-2.3999999999999986
56635,37.08,-2.3800000000000026
56704,36.6,-3.309999999999995
56733,34.75,-3.0799999999999983
56791,35.5,-2.6300000000000026
56811,34.18,-1.7800000000000011
56851,33.88,-1.4099999999999966
56902,35.09,-1.5899999999999963
56983,36.24,-2.0799999999999983
57051,36.31,-1.009999999999998
57081,37.23,-1.4600000000000009
57160,38.43,-2.8299999999999983
57220,41.78,-1.2899999999999991
57291,41.07,-3.0799999999999983
57301,38.79,-2.280000000000001
57319,37.26,-1.0700000000000003
57339,36.62,-1.8500000000000014
57411,38.23,-3.1700000000000017
57430,39.02,-1.1699999999999946
57481,38.77,-2.3499999999999943
57490,36.89,-1.8800000000000026
57511,36.91,-1.1200000000000045
57541,37.93,-2.479999999999997
57640,36.83,-2.520000000000003
57670,33.55,-4.710000000000001
57760,41.24,-1.0700000000000003
57771,39.81,-1.4299999999999997
57780,37.73,-2.0800000000000054
57879,37.82,-1.6700000000000017
57899,36.39,-2.25
57939,36.41,-1.1300000000000026
57978,37.06,-2.309999999999995
57998,37.89,-1.2299999999999969
58008,34.1,-3.789999999999999
58125,36.07,-5.219999999999999
58188,36.31,-3.8999999999999986
58221,40.28,-1.1199999999999974
58231,36.99,-3.289999999999999
58242,35.66,-1.3300000000000054
58251,33.35,-2.309999999999995
58281,36.3,-1.240000000000002
58385,39.83,-1.5200000000000031
58454,40.95,-1.8399999999999963
58473,40.32,-1.5600000000000023
58494,39.18,-1.6300000000000026
58514,39.45,-1.3099999999999952
58544,38.81,-2.8999999999999986
58563,39.13,-1.0799999999999983
58634,40.98,-1.7000000000000028
58644,38.66,-2.3200000000000003
58716,39.61,-2.6300000000000026
58728,38.35,-1.259999999999998
58739,36.58,-1.7700000000000031
58749,34.17,-2.4099999999999966
58782,33.01,-3.3500000000000014
58800,33.33,-2.200000000000003
58830,36.65,-1.0500000000000043
58871,37.68,-1.3999999999999986
58890,35.84,-1.4799999999999969
58931,39.16,-2.0700000000000003
58941,37.94,-1.2199999999999989
58959,37.62,-2.5800000000000054
59030,41.33,-2.530000000000001
59039,39.29,-2.039999999999999
59081,38.39,-1.990000000000002
59121,36.84,-1.5499999999999972
59142,33.36,-3.3400000000000034
59160,32.39,-1.269999999999996
59232,32.77,-2.549999999999997
59292,36.59,-1.5
59313,34.41,-1.4600000000000009
59382,38.28,-1.4399999999999977
59421,38.21,-1.1700000000000017
59432,35.53,-2.6799999999999997
59451,33.89,-1.4200000000000017
59552,38.73,-1.5
59571,37.51,-2.6300000000000026
59661,41.53,-1.6999999999999957
59672,40.02,-1.509999999999998
59712,39.43,-1.1000000000000014
59721,36.87,-2.5600000000000023
59762,37.56,-1.6899999999999977
59894,37.7,-1.6899999999999977
59903,35.44,-2.260000000000005
59963,36.59,-2.8899999999999935
60000,38.18,-1.3299999999999983
60021,33.87,-3.8400000000000034
60072,34.0,-2.280000000000001
60171,37.97,-1.5600000000000023
60441,44.49,-2.8599999999999994
60450,41.95,-2.539999999999999
60459,40.59,-1.3599999999999994
60489,38.17,-3.3900000000000006
60510,37.53,-1.4600000000000009
60759,49.81,-1.1099999999999994
60768,47.1,-2.710000000000001
60779,45.32,-1.7800000000000011
60789,39.86,-5.460000000000001
60798,37.47,-2.3900000000000006
60809,35.54,-1.9299999999999997
60972,42.3,-2.3000000000000043
60981,41.07,-1.2299999999999969
61104,44.47,-1.240000000000002
61125,42.66,-1.75
61134,39.85,-2.809999999999995
61155,36.78,-2.6099999999999994
61365,43.93,-1.2000000000000028
61406,44.05,-2.1099999999999994
61436,45.69,-3.280000000000001
61464,45.39,-2.0600000000000023
61544,45.21,-1.1799999999999997
61554,37.51,-7.700000000000003
61763,44.24,-1.1999999999999957
61793,43.98,-1.8600000000000065
61871,46.38,-1.3299999999999983
61910,45.74,-1.019999999999996
61931,45.11,-1.1499999999999986
61940,43.86,-1.25
62063,40.8,-1.4400000000000048
62351,52.87,-1.7899999999999991
62371,53.92,-1.6999999999999957
62510,61.39,-1.1499999999999986
62531,53.44,-7.539999999999999
62540,51.07,-2.3699999999999974
62549,47.98,-3.0900000000000034
62560,40.24,-7.739999999999995
62570,32.0,-8.240000000000002
62975,49.02,-1.5799999999999983
62986,40.99,-8.030000000000001
62996,35.88,-5.109999999999999
63005,34.1,-1.7800000000000011
63389,53.62,-1.1900000000000048
63410,46.42,-6.969999999999999
63419,39.62,-6.800000000000004
63430,35.3,-4.32
63833,51.72,-1.1700000000000017
63844,48.04,-3.6799999999999997
63854,43.14,-4.899999999999999
63863,38.12,-5.020000000000003
63904,36.96,-1.25
64213,51.79,-1.1799999999999997
64223,45.31,-6.479999999999997
64232,36.87,-8.440000000000005
64243,33.65,-3.219999999999999
64252,32.45,-1.1999999999999957
64565,44.59,-1.279999999999994
64574,39.57,-5.020000000000003
64583,36.79,-2.780000000000001
64594,35.27,-1.519999999999996
64852,45.54,-1.3999999999999986
64912,44.19,-2.6600000000000037
64922,41.19,-3.0
64931,39.84,-1.3499999999999943
64941,37.52,-2.3200000000000003
65158,45.65,-1.9200000000000017
65180,44.5,-1.6300000000000026
65210,40.02,-4.239999999999995
65408,44.39,-1.3800000000000026
65719,42.36,-10.39
65728,37.91,-4.450000000000003
65739,35.11,-2.799999999999997
65758,33.06,-1.6299999999999955
65991,39.18,-1.3599999999999994
